-- phpMyAdmin SQL Dump
-- version 5.1.1
-- https://www.phpmyadmin.net/
--
-- Host: 127.0.0.1
-- Generation Time: Aug 23, 2021 at 10:32 AM
-- Server version: 10.4.19-MariaDB
-- PHP Version: 8.0.7

SET SQL_MODE = "NO_AUTO_VALUE_ON_ZERO";
START TRANSACTION;
SET time_zone = "+00:00";


/*!40101 SET @OLD_CHARACTER_SET_CLIENT=@@CHARACTER_SET_CLIENT */;
/*!40101 SET @OLD_CHARACTER_SET_RESULTS=@@CHARACTER_SET_RESULTS */;
/*!40101 SET @OLD_COLLATION_CONNECTION=@@COLLATION_CONNECTION */;
/*!40101 SET NAMES utf8mb4 */;

--
-- Database: `rostech`
--

DELIMITER $$
--
-- Functions
--
DROP FUNCTION IF EXISTS `checkLogin`$$
CREATE DEFINER=`root`@`localhost` FUNCTION `checkLogin` (`var1` VARCHAR(25), `var2` VARCHAR(32)) RETURNS VARCHAR(15) CHARSET latin1 BEGIN
	return (select a.role FROM ilogin a where a.pass like var2 and UPPER(a.nama) like UPPER(var1) and a.status LIKE 'aktif');
END$$

DROP FUNCTION IF EXISTS `inputPembelian`$$
CREATE DEFINER=`root`@`localhost` FUNCTION `inputPembelian` (`in_mid` INT, `in_tid` INT, `in_persatuan` INT, `in_jumlah` INT, `in_total` INT, `in_tanggal` VARCHAR(25), `in_ket` VARCHAR(55)) RETURNS INT(11) BEGIN
declare t int;
declare inS int;

insert into stock(mid, perubahan, total, tanggal, ket)  values(in_mid, in_jumlah, (in_jumlah+(select COALESCE(latestStock(in_mid),0))), now(), in_ket);
insert into harga(mid, tid, tanggal, persatuan, jumlah, total, ket) values(in_mid, in_tid, in_tanggal, in_persatuan, in_jumlah, in_total, in_ket);

return 1;

END$$

DROP FUNCTION IF EXISTS `latestStock`$$
CREATE DEFINER=`root`@`localhost` FUNCTION `latestStock` (`in_mid` INT) RETURNS INT(11) BEGIN

return (select s.total as i from stock s where s.mid = in_mid order by s.tanggal desc, s.id desc limit 1);

END$$

DELIMITER ;

-- --------------------------------------------------------

--
-- Table structure for table `harga`
--

DROP TABLE IF EXISTS `harga`;
CREATE TABLE `harga` (
  `id` int(11) NOT NULL,
  `mid` int(15) NOT NULL,
  `tid` int(15) NOT NULL,
  `tanggal` varchar(25) NOT NULL,
  `persatuan` int(15) NOT NULL,
  `jumlah` int(15) NOT NULL,
  `total` int(15) NOT NULL,
  `ket` varchar(255) NOT NULL
) ENGINE=InnoDB DEFAULT CHARSET=utf8mb4;

--
-- Dumping data for table `harga`
--

INSERT INTO `harga` (`id`, `mid`, `tid`, `tanggal`, `persatuan`, `jumlah`, `total`, `ket`) VALUES
(58, 114, 17, '2021-07-04T02:22:00.000Z', 5000, 20, 100000, 'test'),
(59, 87, 13, '2021-07-13T01:49:00.000Z', 185000, 6, 1110000, ''),
(60, 175, 25, '2021-07-13T01:52:00.000Z', 97500, 1, 97500, ''),
(61, 123, 14, '2021-07-14T04:20:00.000Z', 930000, 8, 7440000, ''),
(62, 142, 20, '2021-07-15T02:04:00.000Z', 104000, 7, 728000, ''),
(63, 179, 20, '2021-07-13T02:07:00.000Z', 29800, 10, 298000, ''),
(64, 180, 20, '2021-06-30T02:08:00.000Z', 38300, 20, 766000, ''),
(65, 181, 20, '2021-06-30T02:11:00.000Z', 9500, 10, 95000, ''),
(66, 182, 17, '2021-07-15T02:14:00.000Z', 5000, 20, 100000, ''),
(67, 183, 17, '2021-07-15T02:16:00.000Z', 34000, 25, 850000, ''),
(68, 77, 22, '2021-06-05T02:18:00.000Z', 14500, 10, 145000, ''),
(69, 123, 14, '2021-06-17T02:33:00.000Z', 870000, 12, 10440000, ''),
(70, 184, 13, '2021-06-29T02:36:00.000Z', 22500, 20, 450000, ''),
(71, 29, 13, '2021-06-29T02:39:00.000Z', 558000, 5, 2790000, ''),
(72, 185, 13, '2021-06-29T02:42:00.000Z', 40000, 30, 1200000, ''),
(73, 31, 15, '2021-07-14T02:45:00.000Z', 225000, 5, 1125000, ''),
(74, 186, 15, '2021-07-14T02:46:00.000Z', 235000, 5, 1175000, ''),
(75, 28, 15, '2021-07-14T02:46:00.000Z', 180000, 5, 900000, ''),
(76, 37, 23, '2021-07-16T02:13:00.000Z', 125000, 4, 500000, ''),
(77, 26, 23, '2021-07-16T02:13:00.000Z', 10000, 5, 50000, ''),
(78, 34, 13, '2021-07-14T02:15:00.000Z', 23000, 300, 6900000, ''),
(79, 29, 13, '2021-07-14T02:15:00.000Z', 651000, 5, 3255000, ''),
(80, 187, 30, '2021-06-28T05:07:00.000Z', 72000, 6, 864000, ''),
(81, 52, 19, '2021-07-03T05:08:00.000Z', 50000, 6, 300000, ''),
(82, 188, 35, '2021-07-03T05:10:00.000Z', 17500, 1, 17500, ''),
(83, 189, 35, '2021-07-03T05:11:00.000Z', 55000, 5, 275000, ''),
(84, 190, 35, '2021-07-03T05:12:00.000Z', 6000, 1, 6000, ''),
(85, 191, 35, '2021-07-03T05:13:00.000Z', 74999, 1, 74999, ''),
(86, 37, 23, '2021-07-03T01:46:00.000Z', 125000, 3, 375000, ''),
(87, 192, 13, '2021-07-03T01:51:00.000Z', 527000, 1, 527000, ''),
(88, 193, 13, '2021-06-24T01:52:00.000Z', 160000, 4, 640000, ''),
(89, 194, 43, '2021-07-02T01:53:00.000Z', 6500, 32, 208000, ''),
(90, 195, 35, '2021-07-01T01:54:00.000Z', 25000, 1, 25000, ''),
(91, 196, 35, '2021-07-01T01:55:00.000Z', 94999, 1, 94999, ''),
(92, 197, 35, '2021-07-01T01:56:00.000Z', 100000, 1, 100000, ''),
(93, 198, 35, '2021-07-01T01:57:00.000Z', 104999, 1, 104999, ''),
(94, 199, 35, '2021-07-01T01:57:00.000Z', 162500, 1, 162500, ''),
(95, 200, 17, '2021-07-01T01:58:00.000Z', 7000, 5, 35000, ''),
(96, 201, 17, '2021-07-01T01:59:00.000Z', 35000, 2, 70000, ''),
(97, 202, 17, '2021-07-01T01:59:00.000Z', 5000, 20, 100000, ''),
(98, 203, 17, '2021-07-01T02:00:00.000Z', 4300, 30, 129000, ''),
(99, 96, 17, '2021-07-01T02:01:00.000Z', 140000, 2, 280000, ''),
(100, 28, 15, '2021-06-30T03:08:00.000Z', 180000, 5, 900000, ''),
(101, 31, 15, '2021-06-30T03:17:00.000Z', 225000, 5, 1125000, ''),
(102, 30, 15, '2021-06-30T03:17:00.000Z', 225000, 5, 1125000, ''),
(103, 204, 44, '2021-06-30T03:19:00.000Z', 10000, 2, 20000, ''),
(104, 27, 22, '2021-06-25T03:19:00.000Z', 177000, 20, 3540000, ''),
(122, 37, 23, '2021-07-23T01:31:00.000Z', 125000, 1, 125000, ''),
(123, 207, 45, '2021-07-23T03:05:00.000Z', 345000, 1, 345000, ''),
(124, 123, 13, '2021-07-22T02:01:00.000Z', 900000, 7, 6300000, ''),
(125, 38, 13, '2021-07-24T02:02:00.000Z', 4500000, 1, 4500000, ''),
(126, 142, 20, '2021-07-24T02:04:00.000Z', 64000, 5, 320000, ''),
(127, 127, 20, '2021-07-24T02:04:00.000Z', 116000, 5, 580000, ''),
(128, 208, 24, '2021-07-26T02:07:00.000Z', 28000, 2, 56000, ''),
(129, 209, 24, '2021-07-26T02:07:00.000Z', 17500, 2, 35000, ''),
(130, 155, 24, '2021-07-26T02:08:00.000Z', 10000, 5, 50000, ''),
(131, 83, 24, '2021-07-26T02:08:00.000Z', 90000, 2, 180000, ''),
(132, 169, 24, '2021-07-26T02:08:00.000Z', 85000, 2, 170000, ''),
(133, 210, 45, '2021-07-24T02:11:00.000Z', 16000, 1, 16000, ''),
(134, 211, 45, '2021-07-24T02:11:00.000Z', 2000, 30, 60000, ''),
(135, 25, 23, '2021-07-21T02:12:00.000Z', 100000, 4, 400000, ''),
(136, 24, 23, '2021-07-21T02:12:00.000Z', 20000, 4, 80000, ''),
(137, 24, 23, '2021-05-29T02:19:00.000Z', 20000, 5, 100000, ''),
(138, 77, 22, '2021-07-17T02:20:00.000Z', 14500, 10, 145000, ''),
(139, 27, 22, '2021-07-16T02:21:00.000Z', 177000, 20, 3540000, ''),
(140, 212, 13, '2021-07-27T02:28:00.000Z', 11000, 50, 550000, ''),
(141, 213, 17, '2021-06-29T02:33:00.000Z', 26000, 2, 52000, ''),
(142, 214, 46, '2021-07-27T05:58:00.000Z', 300000, 3, 900000, ''),
(143, 215, 22, '2021-07-28T03:18:00.000Z', 3112000, 1, 3112000, ''),
(144, 37, 23, '2021-07-27T02:25:00.000Z', 125000, 2, 250000, ''),
(145, 26, 23, '2021-07-27T02:26:00.000Z', 10000, 4, 40000, ''),
(146, 216, 32, '2021-07-29T02:27:00.000Z', 24000, 1, 24000, ''),
(147, 217, 32, '2021-07-29T02:27:00.000Z', 60000, 1, 60000, ''),
(148, 214, 46, '2021-07-30T01:23:00.000Z', 300000, 1, 300000, ''),
(149, 218, 48, '2021-08-31T06:01:00.000Z', 79000, 8, 632000, ''),
(150, 219, 48, '2021-07-31T06:02:00.000Z', 55000, 2, 110000, ''),
(151, 218, 48, '2021-07-31T06:02:00.000Z', 79000, 8, 632000, 'Edit pembelian id 149 pada Mon Aug 02 2021 13:02:44 GMT+0700 (Indochina Time)\n'),
(152, 220, 13, '2021-07-31T06:05:00.000Z', 650000, 5, 3250000, ''),
(153, 221, 13, '2021-07-31T06:07:00.000Z', 4500000, 1, 4500000, ''),
(154, 109, 14, '2021-07-31T06:08:00.000Z', 930000, 4, 3720000, ''),
(155, 123, 14, '2021-07-31T06:09:00.000Z', 930000, 4, 3720000, ''),
(156, 109, 14, '2021-07-31T06:08:00.000Z', 930000, -1, -930000, 'Edit pembelian id 154 pada Mon Aug 02 2021 13:10:43 GMT+0700 (Indochina Time)\n'),
(157, 109, 14, '2021-07-31T06:11:00.000Z', 930000, 1, 930000, 'Edit pembelian id 154 pada Mon Aug 02 2021 13:10:43 GMT+0700 (Indochina Time)\n'),
(158, 28, 15, '2021-07-30T06:15:00.000Z', 180000, 5, 900000, ''),
(159, 186, 15, '2021-07-30T06:16:00.000Z', 235000, 5, 1175000, ''),
(160, 31, 15, '2021-07-30T06:17:00.000Z', 225000, 5, 1125000, ''),
(161, 147, 15, '2021-07-31T06:18:00.000Z', 350000, 1, 350000, ''),
(162, 222, 15, '2021-07-31T06:19:00.000Z', 25000, 11, 275000, ''),
(163, 59, 15, '2021-07-31T06:20:00.000Z', 72500, 1, 72500, ''),
(164, 218, 48, '2021-07-31T06:25:00.000Z', 79000, 8, 632000, 'Edit pembelian id 149 pada Mon Aug 02 2021 13:25:17 GMT+0700 (Indochina Time)\n'),
(165, 87, 13, '2021-08-31T02:50:00.000Z', 185000, 10, 1850000, ''),
(166, 223, 37, '2021-07-24T02:51:00.000Z', 78000, 11, 858000, ''),
(167, 87, 13, '2021-07-31T02:51:00.000Z', 185000, 10, 1850000, 'Edit pembelian id 165 pada Wed Aug 04 2021 09:51:49 GMT+0700 (Indochina Time)\n'),
(168, 224, 22, '2021-07-29T02:52:00.000Z', 1138000, 1, 1138000, ''),
(169, 225, 49, '2021-08-02T02:53:00.000Z', 70000, 10, 700000, ''),
(170, 230, 50, '2021-08-02T02:55:00.000Z', 50000, 2, 100000, ''),
(171, 231, 50, '2021-08-02T02:55:00.000Z', 450000, 1, 450000, ''),
(172, 72, 15, '2021-08-02T03:02:00.000Z', 230000, 10, 2300000, ''),
(173, 71, 15, '2021-08-02T03:03:00.000Z', 70000, 10, 700000, ''),
(174, 232, 15, '2021-08-02T03:03:00.000Z', 185000, 2, 370000, ''),
(175, 148, 15, '2021-08-02T03:04:00.000Z', 160000, 2, 320000, ''),
(176, 147, 15, '2021-08-02T03:04:00.000Z', 350000, 1, 350000, ''),
(177, 31, 15, '2021-08-02T03:04:00.000Z', 225000, 5, 1125000, ''),
(178, 186, 15, '2021-08-02T03:05:00.000Z', 235000, 5, 1175000, ''),
(179, 233, 15, '2021-08-02T03:05:00.000Z', 180000, 5, 900000, ''),
(180, 165, 15, '2021-08-02T03:05:00.000Z', 35000, 5, 175000, ''),
(181, 164, 15, '2021-08-02T03:06:00.000Z', 105000, 5, 525000, ''),
(182, 163, 15, '2021-08-02T03:06:00.000Z', 42000, 5, 210000, ''),
(183, 162, 15, '2021-08-02T03:06:00.000Z', 55000, 5, 275000, ''),
(184, 99, 17, '2021-07-09T03:35:00.000Z', 150000, 1, 150000, ''),
(185, 114, 17, '2021-07-09T03:41:00.000Z', 5000, 20, 100000, ''),
(186, 234, 17, '2021-07-09T03:42:00.000Z', 465000, 1, 465000, ''),
(187, 235, 17, '2021-07-09T03:42:00.000Z', 1350, 100, 135000, ''),
(188, 236, 17, '2021-07-09T03:43:00.000Z', 26000, 10, 260000, ''),
(189, 237, 17, '2021-07-09T03:43:00.000Z', 17000, 10, 170000, ''),
(190, 238, 17, '2021-07-09T03:43:00.000Z', 17000, 10, 170000, ''),
(191, 239, 17, '2021-07-09T03:48:00.000Z', 11850, 20, 237000, ''),
(192, 240, 17, '2021-07-09T03:49:00.000Z', 6650, 10, 66500, ''),
(193, 29, 13, '2021-08-03T02:19:00.000Z', 650000, 5, 3250000, ''),
(194, 241, 13, '2021-08-03T02:19:00.000Z', 120000, 5, 600000, ''),
(195, 242, 21, '2021-07-22T02:20:00.000Z', 12000, 5, 60000, ''),
(196, 243, 21, '2021-07-22T02:21:00.000Z', 15000, 5, 75000, ''),
(197, 244, 21, '2021-07-22T02:22:00.000Z', 12000, 5, 60000, ''),
(198, 245, 21, '2021-07-22T02:23:00.000Z', 45000, 5, 225000, ''),
(199, 246, 21, '2021-07-22T02:24:00.000Z', 27000, 10, 270000, ''),
(200, 49, 21, '2021-07-22T02:24:00.000Z', 12000, 10, 120000, ''),
(201, 247, 21, '2021-07-22T02:25:00.000Z', 22000, 20, 440000, ''),
(202, 52, 21, '2021-07-22T02:25:00.000Z', 42000, 20, 840000, ''),
(203, 248, 21, '2021-07-23T02:42:00.000Z', 10000, 5, 50000, ''),
(204, 42, 21, '2021-07-23T02:43:00.000Z', 45000, 5, 225000, ''),
(205, 138, 21, '2021-07-23T02:43:00.000Z', 20000, 10, 200000, ''),
(206, 52, 21, '2021-07-23T02:43:00.000Z', 40000, 10, 400000, ''),
(207, 49, 21, '2021-07-23T02:44:00.000Z', 12000, 10, 120000, ''),
(208, 41, 21, '2021-07-23T02:45:00.000Z', 22500, 20, 450000, ''),
(209, 249, 21, '2021-07-23T02:48:00.000Z', 11000, 30, 330000, ''),
(210, 52, 21, '2021-08-04T02:48:00.000Z', 40000, 30, 1200000, ''),
(211, 249, 21, '2021-08-04T02:48:00.000Z', 11000, 30, 330000, 'Edit pembelian id 209 pada Thu Aug 05 2021 09:49:00 GMT+0700 (Indochina Time)\n'),
(212, 41, 21, '2021-08-04T02:49:00.000Z', 22500, 20, 450000, 'Edit pembelian id 208 pada Thu Aug 05 2021 09:49:29 GMT+0700 (Indochina Time)\n'),
(213, 37, 23, '2021-08-06T02:38:00.000Z', 85000, 5, 425000, ''),
(214, 250, 17, '2021-08-06T02:39:00.000Z', 3500, 100, 350000, ''),
(215, 35, 17, '2021-08-06T02:40:00.000Z', 4500, 100, 450000, ''),
(216, 159, 17, '2021-08-06T02:41:00.000Z', 785, 500, 392500, ''),
(217, 251, 17, '2021-08-06T02:43:00.000Z', 1220, 100, 122000, ''),
(218, 252, 17, '2021-08-06T02:43:00.000Z', 40000, 10, 400000, ''),
(219, 182, 17, '2021-08-06T02:44:00.000Z', 5000, 40, 200000, ''),
(220, 99, 17, '2021-08-06T02:44:00.000Z', 150000, 2, 300000, '2 Kotak @ isi 20'),
(221, 253, 17, '2021-08-06T02:45:00.000Z', 265000, 11, 2915000, ''),
(222, 115, 17, '2021-08-06T02:45:00.000Z', 24000, 10, 240000, ''),
(223, 113, 17, '2021-08-06T02:46:00.000Z', 16000, 20, 320000, ''),
(224, 254, 16, '2021-07-17T01:35:00.000Z', 165000, 10, 1650000, ''),
(225, 255, 16, '2021-07-17T01:36:00.000Z', 45000, 5, 225000, ''),
(226, 256, 16, '2021-08-04T01:36:00.000Z', 45000, 10, 450000, ''),
(227, 254, 16, '2021-08-04T01:37:00.000Z', 165000, 5, 825000, ''),
(228, 257, 51, '2021-08-07T01:44:00.000Z', 2000000, 1, 2000000, ''),
(229, 72, 15, '2021-08-09T01:23:00.000Z', 220000, 10, 2200000, ''),
(230, 71, 15, '2021-08-09T01:23:00.000Z', 60000, 10, 600000, ''),
(231, 147, 15, '2021-08-09T01:24:00.000Z', 350000, 1, 350000, ''),
(232, 76, 14, '2021-08-13T02:03:00.000Z', 12000, 20, 240000, ''),
(233, 258, 14, '2021-08-13T02:03:00.000Z', 6950000, 1, 6950000, ''),
(234, 242, 19, '2021-08-14T01:50:00.000Z', 13000, 10, 130000, ''),
(235, 259, 19, '2021-08-14T01:51:00.000Z', 22000, 10, 220000, ''),
(236, 244, 19, '2021-08-14T01:52:00.000Z', 22000, 10, 220000, ''),
(237, 244, 19, '2021-08-14T01:52:00.000Z', 22000, 1, 22000, 'Edit pembelian id 236 pada Mon Aug 16 2021 08:52:53 GMT+0700 (Indochina Time)\n'),
(238, 244, 19, '2021-08-14T01:52:00.000Z', 22000, -1, -22000, ''),
(239, 260, 19, '2021-08-14T01:53:00.000Z', 22000, 10, 220000, ''),
(240, 260, 19, '2021-08-14T01:53:00.000Z', 22000, 10, 220000, ''),
(241, 67, 51, '2021-08-12T01:44:00.000Z', 1450000, 2, 2900000, ''),
(242, 261, 14, '2021-05-21T01:45:00.000Z', 294000, 5, 1470000, ''),
(243, 262, 14, '2021-05-21T01:45:00.000Z', 6000, 10, 60000, ''),
(244, 261, 14, '2021-08-18T02:36:00.000Z', 340000, 10, 3400000, ''),
(245, 263, 37, '2021-08-14T09:41:00.000Z', 2000000, 1, 2000000, ''),
(246, 264, 37, '2021-08-14T09:41:00.000Z', 1000000, 1, 1000000, ''),
(247, 37, 23, '2021-08-04T09:41:00.000Z', 125000, 3, 375000, ''),
(248, 25, 23, '2021-08-09T09:42:00.000Z', 80000, 16, 1280000, ''),
(249, 24, 23, '2021-08-09T09:42:00.000Z', 20000, 12, 240000, ''),
(250, 25, 23, '2021-08-16T09:43:00.000Z', 80000, 10, 800000, ''),
(251, 24, 23, '2021-08-16T09:43:00.000Z', 20000, 10, 200000, ''),
(252, 32, 15, '2021-08-16T01:41:00.000Z', 85000, 10, 850000, ''),
(253, 232, 15, '2021-08-16T01:42:00.000Z', 160000, 4, 640000, ''),
(254, 265, 15, '2021-08-16T01:42:00.000Z', 15000, 14, 210000, ''),
(255, 267, 23, '2021-08-19T01:39:00.000Z', 125000, 2, 250000, ''),
(256, 266, 23, '2021-08-19T01:39:00.000Z', 150000, 4, 600000, ''),
(257, 25, 23, '2021-08-19T01:39:00.000Z', 100000, 1, 100000, ''),
(258, 24, 23, '2021-08-19T01:40:00.000Z', 25000, 1, 25000, ''),
(259, 147, 15, '2021-08-21T01:40:00.000Z', 350000, 5, 1750000, ''),
(260, 232, 15, '2021-08-21T01:41:00.000Z', 160000, 5, 800000, '');

-- --------------------------------------------------------

--
-- Table structure for table `iip`
--

DROP TABLE IF EXISTS `iip`;
CREATE TABLE `iip` (
  `id` int(11) NOT NULL,
  `ip` varchar(15) NOT NULL,
  `status` varchar(15) NOT NULL,
  `tanggal` datetime NOT NULL,
  `token` varchar(126) NOT NULL,
  `tanggal_out` datetime DEFAULT NULL
) ENGINE=InnoDB DEFAULT CHARSET=utf8mb4;

--
-- Dumping data for table `iip`
--

INSERT INTO `iip` (`id`, `ip`, `status`, `tanggal`, `token`, `tanggal_out`) VALUES
(196, '114.125.41.109', 'aktif', '2021-07-16 09:15:47', '9954913b4d21014da9e772dcee1adf80', NULL),
(197, '114.125.40.68', 'aktif', '2021-07-16 09:18:30', 'e4f7ff154998ce5812518bddc1bfa2d4', NULL),
(198, '114.125.56.41', 'aktif', '2021-07-16 09:25:11', '6cb631827d3351756e57f81a44551acc', NULL),
(199, '114.125.40.134', 'aktif', '2021-07-16 09:25:30', 'e1c5c27490e13baabec453656ee527a8', NULL),
(200, '114.125.57.40', 'aktif', '2021-07-16 09:30:32', 'd03a7170daa70a351dd2e10453313f16', NULL),
(201, '114.125.57.108', 'nonaktif', '2021-07-16 09:33:13', 'e2a81e9cefed899cb8c45141263bb1ec', '2021-07-16 09:45:54'),
(202, '114.125.57.108', 'aktif', '2021-07-16 09:45:58', '5787ae8ff2a1ae678120ff1d14ab1e61', NULL),
(203, '114.125.57.4', 'aktif', '2021-07-17 09:12:32', 'c75151efaaff1fc16637e24f11f1e1ef', NULL),
(204, '114.125.56.116', 'aktif', '2021-07-17 10:40:25', '1ba2910384b24a242830cdd59af2665c', NULL),
(205, '114.125.6.129', 'aktif', '2021-07-17 11:05:55', 'd5c6d2ea47ab98405b018c137d37590c', NULL),
(206, '13.213.222.182', 'nonaktif', '2021-07-17 16:51:30', 'bc5597df49b3ab8765f6a27ab1ad687f', '2021-07-19 11:32:22'),
(207, '13.213.222.182', 'nonaktif', '2021-07-19 11:32:22', '30226bd662fcd6034553c97a78c00405', '2021-07-19 11:33:32'),
(208, '13.213.222.182', 'nonaktif', '2021-07-19 11:33:37', 'c32f4b11516de74fc306e64c88dedba4', '2021-07-19 11:33:57'),
(209, '13.213.222.182', 'nonaktif', '2021-07-19 11:33:57', '78beb74eee6311dd93a99dfb63b26aff', '2021-07-19 11:34:11'),
(210, '13.213.222.182', 'nonaktif', '2021-07-19 11:34:11', 'aa1fe03d69928c9be720f727f542393c', '2021-07-19 11:34:30'),
(211, '13.213.222.182', 'nonaktif', '2021-07-19 11:34:30', '1022ffbb5dc6e46437152dcd57ada41f', '2021-07-19 11:43:19'),
(212, '13.213.222.182', 'nonaktif', '2021-07-19 11:44:13', '797d4c5fd7051545fb55ea716b917fba', '2021-07-19 11:45:07'),
(213, '13.213.222.182', 'nonaktif', '2021-07-19 11:45:07', '78bc2fb3a9f8d339e91cc116883ce2cd', '2021-07-19 11:45:21'),
(214, '13.213.222.182', 'nonaktif', '2021-07-19 11:45:21', 'e9bb50d3d7e4dd767a396ecaede9bca6', '2021-07-19 11:45:25'),
(215, '13.213.222.182', 'nonaktif', '2021-07-19 11:47:31', '144fb9833aec9529592c73c73d5ce788', '2021-07-19 11:47:33'),
(216, '13.213.222.182', 'nonaktif', '2021-07-19 11:48:07', '770e64cb0f9208cd41dc805a59ba4f68', '2021-07-21 10:49:11'),
(217, '13.213.222.182', 'nonaktif', '2021-07-21 10:49:44', '506f6fe03aa8da8ed6a84971ae9d0b8f', '2021-07-22 13:28:39'),
(218, '13.213.222.182', 'nonaktif', '2021-07-22 13:28:39', '6ce73a2974182cd0bc3b618775685f96', '2021-07-22 13:31:21'),
(219, '13.213.222.182', 'nonaktif', '2021-07-22 13:31:24', '1506c02bd12f587fbfd00b5816409ab9', '2021-07-22 13:38:29'),
(220, '13.213.222.182', 'nonaktif', '2021-07-22 13:38:29', 'd34883f64e997bc94aa35eb0ccdd90a9', '2021-07-22 13:38:36'),
(221, '13.213.222.182', 'nonaktif', '2021-07-22 13:38:36', '8aa29130bf1de87deb5949841410414c', '2021-07-22 13:39:04'),
(222, '13.213.222.182', 'nonaktif', '2021-07-22 13:39:04', 'a074287d5624051d779c72629321f8e9', '2021-07-22 13:40:54'),
(223, '13.213.222.182', 'nonaktif', '2021-07-22 13:40:54', 'd15cc43443d5efff7132b00d07b34089', '2021-07-22 13:40:59'),
(224, '13.213.222.182', 'nonaktif', '2021-07-22 13:40:59', '275b01ef258070f3f8bbaea9d87ad882', '2021-07-22 13:41:46'),
(225, '13.213.222.182', 'nonaktif', '2021-07-22 13:41:46', '9a64cc487c5112e29fc5c95a2ddcc985', '2021-07-22 13:42:09'),
(226, '13.213.222.182', 'nonaktif', '2021-07-22 13:42:09', 'e95b71a7390053d3419f113c3353ad59', '2021-07-22 13:42:17'),
(227, '13.213.222.182', 'nonaktif', '2021-07-22 13:42:17', '4ec3e41bf77930da02685b9d77328b50', '2021-07-22 13:42:21'),
(228, '13.213.222.182', 'nonaktif', '2021-07-22 13:42:28', '7f8c629d2cd7e1395e1f9e6b29617937', '2021-07-22 13:42:37'),
(229, '13.213.222.182', 'nonaktif', '2021-07-22 13:42:37', '06a8eb7dc855992422a01c37a2770fc6', '2021-07-22 13:42:57'),
(230, '13.213.222.182', 'nonaktif', '2021-07-22 13:42:57', '6181281179b296e3f583ceb65cf04ab4', '2021-07-22 13:43:09'),
(231, '13.213.222.182', 'nonaktif', '2021-07-22 13:43:09', 'cc729877d8d64ca801b8426879dccc23', '2021-07-22 13:43:55'),
(232, '13.213.222.182', 'nonaktif', '2021-07-22 13:43:55', 'afb5be32662d6bb0475ac0cc633ed0cb', '2021-07-22 13:44:16'),
(233, '13.213.222.182', 'nonaktif', '2021-07-22 13:44:16', 'c3d1c760eaf78eb3c4aa8b8c22cb60b4', '2021-07-22 13:44:38'),
(234, '13.213.222.182', 'nonaktif', '2021-07-22 13:44:38', '7979b95a9fe6dc6c060648946e670aad', '2021-07-22 13:45:06'),
(235, '13.213.222.182', 'nonaktif', '2021-07-22 13:45:06', '973fe692bf44ca4a42e25f998a1018a3', '2021-07-22 13:47:49'),
(236, '13.213.222.182', 'nonaktif', '2021-07-22 13:47:49', '7ce9bb8316eb769364b7928abfde5ace', '2021-07-22 14:08:10'),
(237, '13.213.222.182', 'nonaktif', '2021-07-22 14:08:10', '3efef586e06703e54a2c92d9a701b7d2', '2021-07-23 11:37:30'),
(238, '13.213.222.182', 'nonaktif', '2021-07-23 11:37:30', 'c533bbb69336821e198c08aa5c8d524a', '2021-07-23 13:32:32'),
(239, '13.213.222.182', 'nonaktif', '2021-07-23 13:32:32', '36e7c1f21db2956ac918b14df909f7bd', '2021-07-26 09:08:52'),
(240, '114.125.57.72', 'aktif', '2021-07-24 08:31:06', '1831b74128578a917fe87bb3e16cff01', NULL),
(241, '13.213.222.182', 'nonaktif', '2021-07-26 09:08:52', '8a0282de353292bf39cc18a10d048562', '2021-07-27 08:39:40'),
(242, '114.125.6.63', 'aktif', '2021-07-27 08:53:12', '2fb373a085c8b11cfd96459c3ffcd1bc', NULL),
(243, '13.213.222.182', 'nonaktif', '2021-07-28 08:30:46', 'b0bfa8d8c139f18aa04a48d119b38480', '2021-07-28 09:13:20'),
(244, '13.213.222.182', 'nonaktif', '2021-07-28 09:13:20', '5e17d16c874db1ec7c7d849153594ab0', '2021-07-29 10:18:14'),
(245, '114.125.6.207', 'aktif', '2021-07-28 12:57:31', '5668fed94827e6f5ad81b975e4622463', NULL),
(246, '13.213.222.182', 'nonaktif', '2021-07-29 10:18:14', '750b4718e72f99a5e49584e0cded7f59', '2021-07-30 09:25:15'),
(247, '13.213.222.182', 'nonaktif', '2021-07-30 09:25:15', '05320754ee261bbc3a597026689fb69d', '2021-07-31 08:22:45'),
(248, '13.213.222.182', 'nonaktif', '2021-07-31 08:22:45', 'd2f7c4ec0cb0fcd0378980ff8e91ef22', '2021-08-02 12:59:27'),
(249, '13.213.222.182', 'nonaktif', '2021-08-02 12:59:27', 'c4ac3f59e6b84738c88f0d77989828bc', '2021-08-02 13:07:01'),
(250, '13.213.222.182', 'aktif', '2021-08-02 13:07:05', '5f9cc4df3008f9c84071e09f32ac5e94', NULL),
(251, '127.0.0.1', 'nonaktif', '2021-08-03 08:50:34', '92ecde100bceb6718d28927d87f5b438', '2021-08-04 08:36:17'),
(252, '127.0.0.1', 'nonaktif', '2021-08-04 09:48:03', '81ee724418466f30b11cbb51c081fc6a', '2021-08-05 09:14:13'),
(253, '127.0.0.1', 'nonaktif', '2021-08-05 09:14:13', '30ae61a3d094db4635066b1a422eb519', '2021-08-07 09:31:47'),
(254, '127.0.0.1', 'nonaktif', '2021-08-07 09:31:47', '0f0c60b9b99d3fee31b8ebc199a26014', '2021-08-09 08:34:11'),
(255, '127.0.0.1', 'nonaktif', '2021-08-09 08:34:11', '148be0a12775d7146569311290177b4f', '2021-08-09 09:08:44'),
(256, '127.0.0.1', 'nonaktif', '2021-08-09 09:08:44', '3dbe0e14471a989bd9f4138b088802c9', '2021-08-12 08:43:40'),
(257, '127.0.0.1', 'nonaktif', '2021-08-12 08:43:40', 'aa8c367f1887377dc6c8233efc8dea40', '2021-08-13 08:22:55'),
(258, '127.0.0.1', 'nonaktif', '2021-08-13 08:22:57', '6e4190e73d01bad3335effbab3c96811', '2021-08-14 09:03:14'),
(259, '127.0.0.1', 'nonaktif', '2021-08-14 09:03:14', '01f5bcc220c0daf20857e8c39fac0eaa', '2021-08-16 08:42:01'),
(260, '127.0.0.1', 'nonaktif', '2021-08-16 08:42:01', '3052baa5b27a3dda8d9606983dc2c108', '2021-08-18 08:32:47'),
(261, '127.0.0.1', 'nonaktif', '2021-08-18 08:32:47', '1ec6cbb8b3fd7124fc88aba50ce41d0e', '2021-08-20 08:40:22'),
(262, '127.0.0.1', 'nonaktif', '2021-08-20 08:40:23', '30203c93794d0800ddf9314189e94668', '2021-08-23 08:38:23'),
(263, '127.0.0.1', 'aktif', '2021-08-23 08:38:27', 'bb8939e96511259202dd576d97c516f4', NULL);

-- --------------------------------------------------------

--
-- Table structure for table `ilogin`
--

DROP TABLE IF EXISTS `ilogin`;
CREATE TABLE `ilogin` (
  `id` int(11) NOT NULL,
  `nama` varchar(25) NOT NULL,
  `pass` varchar(32) NOT NULL,
  `tanggal` date NOT NULL,
  `status` varchar(15) NOT NULL,
  `role` varchar(15) NOT NULL
) ENGINE=InnoDB DEFAULT CHARSET=utf8mb4;

--
-- Dumping data for table `ilogin`
--

INSERT INTO `ilogin` (`id`, `nama`, `pass`, `tanggal`, `status`, `role`) VALUES
(2, 'itest', 'fec2b8ace11d2e8115a9cb8ed56f6ec8', '2021-06-19', 'aktif', 'admin');

-- --------------------------------------------------------

--
-- Table structure for table `material`
--

DROP TABLE IF EXISTS `material`;
CREATE TABLE `material` (
  `mid` int(15) NOT NULL,
  `nama` varchar(255) NOT NULL,
  `type` varchar(255) NOT NULL,
  `ukuran` varchar(255) NOT NULL,
  `tanggal` datetime NOT NULL,
  `jumlah` int(7) NOT NULL,
  `total` int(7) NOT NULL,
  `ket` varchar(255) NOT NULL
) ENGINE=InnoDB DEFAULT CHARSET=utf8mb4;

--
-- Dumping data for table `material`
--

INSERT INTO `material` (`mid`, `nama`, `type`, `ukuran`, `tanggal`, `jumlah`, `total`, `ket`) VALUES
(22, 'Kawat Las', 'RB 28 2.8', '', '2021-06-29 13:52:42', 0, 0, ''),
(23, 'Kawat Las', 'RB 28 3.2', '', '2021-06-29 13:52:53', 0, 0, ''),
(24, 'Ring', '', '', '2021-06-29 13:53:00', 0, 0, ''),
(25, 'Busing', '', '', '2021-06-29 13:53:04', 0, 0, ''),
(26, 'Mur', '', '', '2021-06-29 13:53:09', 0, 0, ''),
(27, 'Siku 40 +- 13 Kg [Kuning]', '', '', '2021-06-29 13:53:41', 0, 0, ''),
(28, 'AS Stainless dia 4\" X 5 cm', '', '', '2021-08-02 13:15:11', 0, 0, ''),
(29, 'AS', 'Stainless', 'dia 3 1/2\" X 18,5 cm', '2021-06-29 13:54:40', 0, 0, ''),
(30, 'AS', 'Stainless', 'dia 2\" X 29 cm', '2021-06-29 13:54:53', 0, 0, ''),
(31, 'AS Stainless dia 1 3/4\" X 37,5 cm', '', '', '2021-08-02 13:17:31', 0, 0, ''),
(32, 'Pipa Boring 140/100 X 3,5cm', '', '', '2021-08-20 08:41:20', 0, 0, ''),
(33, 'Roda Hitam 67 rem + mati', '', '', '2021-06-29 13:55:48', 0, 0, ''),
(34, 'Nako', 'SS', '10X10X285MM', '2021-06-29 13:56:20', 0, 0, ''),
(35, 'BMP S/S m 10 X 40', '', '', '2021-08-07 09:40:01', 0, 0, ''),
(36, 'Plat', 'SS', '8 mm X 4\' X 8\'', '2021-06-29 13:57:02', 0, 0, ''),
(37, 'Tapak Press', '', '', '2021-06-29 13:57:16', 0, 0, ''),
(38, 'Plat', '201 2B (DOP)', '4 X 8 X 6 mm', '2021-06-29 13:57:51', 0, 0, ''),
(39, 'Plat', 'HL 201', '4 X 8 X 1,5 mm', '2021-06-29 13:58:23', 0, 0, ''),
(40, 'A-43 Mitsuboshi', '', '', '2021-06-29 13:59:27', 0, 0, ''),
(41, 'A 49 Mbi / A-49 Mitsuboshi Belting', '', '', '2021-08-05 09:46:25', 0, 0, ''),
(42, 'UCF 204 ASB', '', '', '2021-08-05 09:42:53', 0, 0, ''),
(43, 'Bolt', 'Stainless Steel', 'm6 X 10', '2021-06-29 14:00:07', 0, 0, ''),
(44, 'Bolt', 'Stud', 'm8 X 15', '2021-06-29 14:00:21', 0, 0, ''),
(45, 'Bolt', 'Stud', 'M8 X 10', '2021-06-29 14:00:47', 0, 0, ''),
(46, 'Bolt', 'Stainless Steel', 'm8 X 20', '2021-06-29 14:01:06', 0, 0, ''),
(47, 'Bolt', 'Stainless Steel', 'm8 X 25', '2021-06-29 14:01:19', 0, 0, ''),
(48, 'Ultra thin', '', '', '2021-06-29 14:01:34', 0, 0, ''),
(49, 'TC 35 45 7 tto', '', '', '2021-06-29 14:01:41', 0, 0, ''),
(50, 'TC 31 45 7 tto', '', '', '2021-06-29 14:01:46', 0, 0, ''),
(51, 'TC 48 85 10 tto', '', '', '2021-06-29 14:01:53', 0, 0, ''),
(52, '30208 Asb', '', '', '2021-06-29 14:01:57', 0, 0, ''),
(53, 'Besi', 'AS 1045', 'dia 50mm X  2,5 cm', '2021-06-29 14:02:26', 0, 0, ''),
(54, 'Besi', 'Hexagon', 'dia 50 mm X 2,5 cm', '2021-06-29 14:02:38', 0, 0, ''),
(55, 'AS', 'Stainless', 'dia 1 1/2\" X 2 cm', '2021-06-29 14:02:56', 0, 0, ''),
(56, 'AS', 'Stainless', 'dia 2\" X 1,5 cm', '2021-06-29 14:03:17', 0, 0, ''),
(57, 'AS', 'Stainless', 'dia 2 1/2\" X 15 cm', '2021-06-29 14:04:32', 0, 0, ''),
(58, 'AS', 'Stainless', 'dia 1 1/4\" X 31 cm', '2021-06-29 14:04:51', 0, 0, ''),
(59, 'AS Stainless dia 1 1/4\" X 23 cm', '', '', '2021-08-02 13:19:59', 0, 0, ''),
(60, 'Carbon Brush [Bull] (Auto)', '', '', '2021-06-29 14:05:10', 0, 0, ''),
(61, 'AS', 'SS', '3\" X 4CM', '2021-06-29 14:05:21', 0, 0, ''),
(62, 'Belting A-43', '', '', '2021-06-29 14:05:26', 0, 0, ''),
(63, 'Roda', '', '', '2021-06-29 14:05:29', 0, 0, ''),
(64, 'Mur 3/8', '', '', '2021-06-29 14:05:49', 0, 0, ''),
(65, 'Roda Gepeng 5\" Rem', '', '', '2021-06-29 14:05:57', 0, 0, ''),
(66, 'Roda Gepeng 6\" Rem', '', '', '2021-06-29 14:06:01', 0, 0, ''),
(67, 'Pipa Welded SS 304 dia 114 mm (4\") sch 40 + 6 mm X 1 mtr', '', '', '2021-08-18 08:43:44', 0, 0, ''),
(68, 'Ban Karet Drum Sander', '', '', '2021-06-29 14:06:25', 0, 0, ''),
(69, 'Kunci Ring Pas GK auto', '', '', '2021-06-29 14:06:29', 0, 0, ''),
(70, 'Kunci T Rush Auto', '', '', '2021-06-29 14:06:34', 0, 0, ''),
(71, 'Pipa Boring', '', '140/100 X 2,5cm', '2021-06-29 14:07:11', 0, 0, ''),
(72, 'Pipa Boring', '', '114/75 X 13cm', '2021-06-29 14:07:19', 0, 0, ''),
(73, 'Besi Hexagonal', '', '50MM X 3CM', '2021-06-29 14:07:30', 0, 0, ''),
(74, 'Plat', 'HL 201', '4X8X1 mm', '2021-06-29 14:08:02', 0, 0, ''),
(75, 'Pulley A2X3\"', '', '', '2021-06-29 14:08:07', 0, 0, ''),
(76, 'Kain Polis HL', '', '', '2021-06-29 14:08:23', 0, 0, ''),
(77, 'Thinner ND Super', '', '', '2021-06-29 14:08:27', 0, 0, ''),
(78, 'Baut', '', '', '2021-06-29 14:08:54', 0, 0, ''),
(79, 'Busing Kecil', '', '', '2021-06-29 14:08:58', 0, 0, ''),
(80, 'Sepatu Cheetah 711 / 8', '', '', '2021-06-29 14:09:02', 0, 0, ''),
(81, 'Spray Gun Meiji f75 A 3790-075', '', '', '2021-06-29 14:09:41', 0, 0, ''),
(82, 'Pahat Bubut 5/16X16', '', '', '2021-06-29 14:09:46', 0, 0, ''),
(83, 'Jarum Argon 1.6mm WELDCRAFT', '', '', '2021-06-29 14:09:50', 0, 0, ''),
(84, '48 80 11', '', '', '2021-06-29 14:10:03', 0, 0, ''),
(85, '30 48 8', '', '', '2021-07-06 14:01:38', 0, 0, ''),
(86, '48 85 10', '', '', '2021-06-29 14:10:11', 0, 0, ''),
(87, 'AS', 'SS', '10mm X 6m', '2021-06-29 14:10:31', 0, 0, ''),
(88, 'UCF 206', '', '', '2021-06-29 14:10:35', 0, 0, ''),
(89, '488010', '', '', '2021-06-29 14:10:39', 0, 0, ''),
(90, '30208', '', '', '2021-06-29 14:10:42', 0, 0, ''),
(91, 'Honda 6X  200T Tanpa Test', '', '', '2021-06-29 14:10:48', 0, 0, ''),
(92, 'TC-30-50-11 NOK', '', '', '2021-06-29 14:10:52', 0, 0, ''),
(93, 'Roda Karet H 6\" Massaki', '', '', '2021-06-29 14:10:57', 0, 0, ''),
(94, 'Roda Karet M 6\" Massaki', '', '', '2021-06-29 14:11:04', 0, 0, ''),
(95, 'Tool', '', '', '2021-06-29 14:11:09', 0, 0, ''),
(96, 'Tool Bag', '', '', '2021-06-29 14:11:12', 0, 0, ''),
(97, 'B/N', '', '8X25', '2021-06-29 14:11:51', 0, 0, ''),
(98, 'B/N', 'S/S', '6X10', '2021-06-29 14:12:03', 0, 0, ''),
(99, 'Ultra Flek', '', '', '2021-08-04 10:34:58', 0, 0, ''),
(100, 'Batu Grinda 100X2X16 WA 60 ULTRA FLEX', '', '', '2021-06-29 14:12:33', 0, 0, ''),
(101, 'Batu Gerinda Potong 4X1', '', '', '2021-06-29 14:12:36', 0, 0, ''),
(102, 'Reparasi motor 3 HP gulung spull', '', '', '2021-06-29 14:12:41', 0, 0, ''),
(103, 'Elbow 3\"', '', '', '2021-06-29 14:12:46', 0, 0, ''),
(104, 'Tee 3\"', '', '', '2021-06-29 14:12:51', 0, 0, ''),
(105, 'Semen 3 Roda', '', '', '2021-06-29 14:12:55', 0, 0, ''),
(106, 'Electrode P80 Plasma Cutting', '', '', '2021-06-29 14:12:59', 0, 0, ''),
(107, 'Thinner', '', '', '2021-06-29 14:13:04', 0, 0, ''),
(108, 'Cat Penta Blue Oreo', '', '', '2021-06-29 14:13:08', 0, 0, ''),
(109, 'Plat HL 1.2mm', '', '', '2021-06-29 14:13:47', 0, 0, ''),
(110, 'Nako', 'SS', '10X10X330MM', '2021-06-29 14:14:12', 0, 0, ''),
(111, 'Spanduk Uk 1.30 X 0.80 M2', '', '', '2021-06-29 14:14:22', 0, 0, ''),
(112, 'M. Gerinda Ultra Touch', '', '', '2021-06-29 14:14:27', 0, 0, ''),
(113, 'Bros Mangkok Benz', '', '', '2021-06-29 14:14:30', 0, 0, ''),
(114, 'Flap Disc #80', '', '', '2021-08-04 10:36:12', 0, 0, ''),
(115, 'M. Widia #12', '', '', '2021-06-29 14:14:38', 0, 0, ''),
(116, 'Bolt', 'Stud', 'M6 X 10', '2021-06-29 14:15:26', 0, 0, ''),
(117, 'B/N S/S M10X20', '', '', '2021-06-29 14:15:45', 0, 0, ''),
(118, 'B/N S/S M10X25', '', '', '2021-06-29 14:15:48', 0, 0, ''),
(119, 'B/N S/S M10X40', '', '', '2021-06-29 14:15:52', 0, 0, ''),
(120, 'Arc-rite', '', '', '2021-06-29 14:15:55', 0, 0, ''),
(121, 'Siku 50 +- 15 Kg [Kuning]', '', '', '2021-06-29 14:15:59', 0, 0, ''),
(122, 'Siku 30 +- 7.5 Kg [Kuning]', '', '', '2021-06-29 14:16:02', 0, 0, ''),
(123, 'Plat', 'HL 201', '4X8X1.2 mm', '2021-06-29 14:16:47', 0, 0, ''),
(124, 'Electromotor 3 HP', '', '', '2021-06-29 14:16:51', 0, 0, ''),
(125, 'AS 2 1/2\" X 3CM', '', '', '2021-06-29 14:17:32', 0, 0, ''),
(126, 'AS', 'Stainless', 'Dia 1 3/4\" X 16,5CM', '2021-06-29 14:17:52', 0, 0, ''),
(127, 'Pully A 11X7\" Polos A11X7', '', '', '2021-06-29 14:18:16', 0, 0, ''),
(128, 'AS', 'Stainless', 'Dia 2\" X 29CM', '2021-06-29 14:19:03', 0, 0, ''),
(129, 'Kawat Las RB 26 2,6', '', '', '2021-06-29 14:19:16', 0, 0, ''),
(130, 'FIX MMA/ARC 160-200A FIX-201', '', '', '2021-06-29 14:19:20', 0, 0, ''),
(131, 'Mosfat 1650E 1199-90142', '', '', '2021-06-29 14:19:24', 0, 0, ''),
(132, 'Tapak Press Besar', '', '', '2021-06-29 14:19:40', 0, 0, ''),
(133, 'Tapak Press Kecil', '', '', '2021-06-29 14:19:44', 0, 0, ''),
(134, 'Bor Impact Makita + MT HP1630', '', '', '2021-06-29 14:19:47', 0, 0, ''),
(135, 'TC 32 48 7 KMD', '', '', '2021-06-29 14:20:58', 0, 0, ''),
(136, 'TC 38 48 6 CHO', '', '', '2021-06-29 14:21:01', 0, 0, ''),
(137, 'HTC 32 48 7 NOK', '', '', '2021-06-29 14:21:04', 0, 0, ''),
(138, 'TC 48 80 10 TTO', '', '', '2021-06-29 14:21:18', 0, 0, ''),
(139, 'TC 30 45 10 Cho', '', '', '2021-06-29 14:21:27', 0, 0, ''),
(140, 'NOK TC-48-62-9', '', '', '2021-06-29 14:21:44', 0, 0, ''),
(141, 'Pully A 1 X 3\" Polos', '', '', '2021-06-29 14:21:54', 0, 0, ''),
(142, 'Pully A 1 X 6\" Polos', '', '', '2021-06-29 14:21:58', 0, 0, ''),
(143, 'test', '', '', '2021-08-05 09:47:00', 0, 0, ''),
(144, 'BANDO A-77', '', '', '2021-06-29 14:22:58', 0, 0, ''),
(145, 'NOK TC-30-46-6', '', '', '2021-06-29 14:23:09', 0, 0, ''),
(146, 'Honda 6X  200T Tanpa Test', '', '', '2021-06-29 14:23:13', 0, 0, ''),
(147, 'Pipa Boring 127/65 X 13CM', '', '', '2021-06-29 14:24:11', 0, 0, ''),
(148, 'Pipa Boring 194/108 X 2,5CM', '', '', '2021-06-29 14:24:14', 0, 0, ''),
(149, 'Pipa Boring 194/108 X 3,5CM', '', '', '2021-06-29 14:24:17', 0, 0, ''),
(150, 'Pipa Boring 102/40 X 9CM', '', '', '2021-06-29 14:24:20', 0, 0, ''),
(151, 'Pipa Boring 114/75 X 2CM', '', '', '2021-06-29 14:24:23', 0, 0, ''),
(152, 'Pipa Boring 114/75 X 2,5CM', '', '', '2021-06-29 14:24:26', 0, 0, ''),
(153, 'Stainless Dia 1 3/4\" X2MM', '', '', '2021-06-29 14:25:04', 0, 0, ''),
(154, 'Stainless Dia 2\" X18CM', '', '', '2021-06-29 14:25:15', 0, 0, ''),
(155, 'Kain Majun', '', '', '2021-06-29 14:25:27', 0, 0, ''),
(156, 'R Plat M10', '', '', '2021-06-29 14:25:31', 0, 0, ''),
(157, 'B/N Putih M10 x40', '', '', '2021-06-29 14:25:34', 0, 0, ''),
(158, 'test', '', '', '2021-08-04 10:35:03', 0, 0, ''),
(159, 'BMP S/S M 6 X 10', '', '', '2021-08-07 09:41:12', 0, 0, ''),
(160, 'Kunci T Tara 17MM', '', '', '2021-06-29 14:26:47', 0, 0, ''),
(161, 'Kawat Las S/S 1,6M', '', '', '2021-06-29 14:26:50', 0, 0, ''),
(162, 'Stainless 1\" X 265MM', '', '', '2021-06-29 14:28:17', 0, 0, ''),
(163, 'Stainless 1\" X 195MM', '', '', '2021-06-29 14:28:20', 0, 0, ''),
(164, 'Sainless 2\" X 130MM', '', '', '2021-06-29 14:28:37', 0, 0, ''),
(165, 'Stainless 2 1/2\" X 20MM', '', '', '2021-06-29 14:28:56', 0, 0, ''),
(166, 'Kuningan Dia 1 3/4\" X 50MM', '', '', '2021-06-29 14:29:16', 0, 0, ''),
(167, 'Besi AS 1045/5T-60 Dia 50MM x 25MM', '', '', '2021-06-29 14:29:26', 0, 0, ''),
(168, 'Teflon Dia 100MM @ 2.5CM', '', '', '2021-06-29 14:29:34', 0, 0, ''),
(169, 'Roda Karet H Rem 6\" Massaki', '', '', '2021-06-29 14:30:24', 0, 0, ''),
(170, 'PLAT RING 25MM - 170/110MM', '', '', '2021-06-29 14:30:30', 0, 0, ''),
(171, 'ULTRA THIN CUT', '', '', '2021-06-29 14:30:44', 0, 0, ''),
(175, 'Mata Bor 11 Nachi', '', '', '2021-07-14 08:51:39', 0, 0, 'Mata Bor 11 Nachi'),
(177, 'test', '', '', '2021-07-14 13:42:01', 0, 0, ''),
(178, 'Pully A 11X8\" Polos', '', '', '2021-07-16 09:04:03', 0, 0, ''),
(179, 'Carbon Brush Asli', '', '', '2021-07-16 09:07:17', 0, 0, ''),
(180, 'Carbon Brush Asli (MT90)', '', '', '2021-07-16 09:08:15', 0, 0, ''),
(181, 'Carbon Brush [Bull]', '', '', '2021-07-16 09:10:54', 0, 0, ''),
(182, 'Flap Disc #100', '', '', '2021-07-16 09:13:57', 0, 0, ''),
(183, 'Ultra Thin Cut 14\"', '', '', '2021-07-16 09:16:05', 0, 0, ''),
(184, 'Hexagonal 2\" X 25mm', '', '', '2021-07-16 09:36:33', 0, 0, ''),
(185, 'Pully A2 X 3\" (as 20mm)', '', '', '2021-07-16 09:41:47', 0, 0, ''),
(186, 'AS Stainless dia 2\" X 30 cm', '', '', '2021-07-16 09:46:07', 0, 0, ''),
(187, 'S\'Gloss 5220 Blue Oreo (12)', '', '', '2021-07-19 12:07:07', 0, 0, ''),
(188, 'Euro Plug Jantan/M 35-50 (*20/100)', '', '', '2021-07-19 12:10:26', 0, 0, ''),
(189, 'Kabel Las Org Superflex Aust 50MM', '', '', '2021-07-19 12:11:14', 0, 0, ''),
(190, 'SKUN 50X10MM Merah (250)', '', '', '2021-07-19 12:12:04', 0, 0, ''),
(191, 'Tang Las 800A CNR (*50)', '', '', '2021-07-19 12:12:52', 0, 0, ''),
(192, 'Besi AS 1 1/4\" X 6 M', '', '', '2021-07-21 08:47:24', 0, 0, ''),
(193, 'Besi AS 5/8\" X 6 M', '', '', '2021-07-21 08:51:40', 0, 0, ''),
(194, 'TmoLowyo yxy1', '', '', '2021-07-21 08:52:57', 0, 0, ''),
(195, 'SWITCH U/ AMP/ ASJ02-25 DCA #10', '', '', '2021-07-21 08:54:18', 0, 0, ''),
(196, 'GEAR U/ GWS5/6/ ASM03-100A DCA #41', '', '', '2021-07-21 08:55:10', 0, 0, ''),
(197, 'ARMATURE GWS5/ 6// ASM03-100A DCA (*30MIX)', '', '', '2021-07-21 08:56:11', 0, 0, ''),
(198, 'ARMATURE MT90 DCA (*30MIX)', '', '', '2021-07-21 08:56:42', 0, 0, ''),
(199, 'Mt.POT.ST25 LPG SHIYODA 2 (10)', '', '', '2021-07-21 08:57:26', 0, 0, ''),
(200, 'Amplas #120', '', '', '2021-07-21 08:58:19', 0, 0, ''),
(201, 'Sarung Tangan', '', '', '2021-07-21 08:58:58', 0, 0, ''),
(202, 'K L 5 pdk', '', '', '2021-07-21 08:59:32', 0, 0, ''),
(203, 'K L 4 pdk', '', '', '2021-07-21 09:00:00', 0, 0, ''),
(204, 'Double Tipe Busa', '', '', '2021-07-21 10:18:03', 0, 0, ''),
(207, 'Sepatu 7106 no.7', '', '', '2021-07-24 10:05:13', 0, 0, ''),
(208, 'Sarung Tangan Bintik Kuningan Ichiban', '', '', '2021-07-27 09:06:33', 0, 0, ''),
(209, 'Sarung Tangan 3B Putih List Hijau Ichiban', '', '', '2021-07-27 09:06:38', 0, 0, ''),
(210, 'Kunci L m6 Long TK', '', '', '2021-07-27 09:11:03', 0, 0, ''),
(211, 'Kaca Las Din II prohex', '', '', '2021-07-27 09:11:38', 0, 0, ''),
(212, 'Nako SS 8X8X207MM', '', '', '2021-07-28 09:28:00', 0, 0, ''),
(213, 'Roda Gepeng 5\" mati', '', '', '2021-07-28 09:32:40', 0, 0, ''),
(214, 'Gas Argon', '', '', '2021-07-28 12:57:50', 0, 0, ''),
(215, 'Plat Besi 8', '', '', '2021-07-29 10:18:28', 0, 0, ''),
(216, 'Spanduk uk 1.60 X 0.70 m2', '', '', '2021-07-30 09:26:41', 0, 0, ''),
(217, 'Spanduk uk 0.80 X 4.00 m2', '', '', '2021-07-30 09:26:45', 0, 0, ''),
(218, 'Roda 6\" Rem', '', '', '2021-08-02 13:01:26', 0, 0, ''),
(219, 'Roda Mati', '', '', '2021-08-02 13:02:08', 0, 0, ''),
(220, 'AS SS 3 1/2\" X 18 cm', '', '', '2021-08-02 13:04:51', 0, 0, ''),
(221, 'Plat SS 6mm X 4\' X 8\'', '', '', '2021-08-02 13:07:09', 0, 0, ''),
(222, 'Besi AS 1045 dia 65 mm X 3 cm', '', '', '2021-08-02 13:18:58', 0, 0, ''),
(223, 'Plat dia 14,5cm panjang 19mm', '', '', '2021-08-04 09:50:59', 0, 0, ''),
(224, 'Plat Besi 3mm (Putih)', '', '', '2021-08-04 09:52:10', 0, 0, ''),
(225, 'Arcbrite Passivator Paste (1 kg) Serial No 01012021', '', '', '2021-08-04 09:53:04', 0, 0, ''),
(226, 'White Horse Cutting Wheel for Metal 14\" X 3 X 25,4 mm', '', '', '2021-08-04 09:53:47', 0, 0, ''),
(227, 'White Horse Cutting Wheel for Metal 105 X 1,0 X 16 mm red', '', '', '2021-08-04 09:54:04', 0, 0, ''),
(228, 'White Horse Grinding Wheel for Metal 100 X 6 X 16 mm ', '', '', '2021-08-04 09:54:07', 0, 0, ''),
(229, 'Atlantic Che 40k dia 2,5 mm', '', '', '2021-08-04 09:54:13', 0, 0, ''),
(230, 'Kartu Nama', '', '', '2021-08-04 09:54:19', 0, 0, ''),
(231, 'Brosur', '', '', '2021-08-04 09:54:22', 0, 0, ''),
(232, 'Pipa Boring 194/108 X 3CM', '', '', '2021-08-04 10:03:18', 0, 0, ''),
(233, 'AS Stainless Dia 4\" X 5CM', '', '', '2021-08-04 10:05:18', 0, 0, ''),
(234, 'Ultra Thin Gold', '', '', '2021-08-04 10:41:46', 0, 0, ''),
(235, 'B/N 10 X 50', '', '', '2021-08-04 10:42:12', 0, 0, ''),
(236, 'K T 17 tekiro', '', '', '2021-08-04 10:42:40', 0, 0, ''),
(237, 'K T 13 tekiro', '', '', '2021-08-04 10:42:44', 0, 0, ''),
(238, 'K T 10 tekiro', '', '', '2021-08-04 10:42:48', 0, 0, ''),
(239, 'K Pjg mis 17', '', '', '2021-08-04 10:42:59', 0, 0, ''),
(240, 'K Pjg mis 20', '', '', '2021-08-04 10:43:02', 0, 0, ''),
(241, '8 mm X 6 m', '', '', '2021-08-05 09:19:39', 0, 0, ''),
(242, 'TC 25 38 6', '', '', '2021-08-05 09:20:23', 0, 0, ''),
(243, 'TC 48 62 10', '', '', '2021-08-05 09:21:15', 0, 0, ''),
(244, 'TC 35 50 8', '', '', '2021-08-05 09:21:46', 0, 0, ''),
(245, 'UCF 205', '', '', '2021-08-05 09:23:25', 0, 0, ''),
(246, '32005', '', '', '2021-08-05 09:24:05', 0, 0, ''),
(247, 'TC 40 80 10 tto', '', '', '2021-08-05 09:24:59', 0, 0, ''),
(248, 'SC 20 35', '', '', '2021-08-05 09:42:00', 0, 0, ''),
(249, 'TC 30 45 7 tto', '', '', '2021-08-05 09:47:52', 0, 0, ''),
(250, 'BMP S/S m 10 X 25', '', '', '2021-08-07 09:39:05', 0, 0, ''),
(251, 'BMP 10 X 40', '', '', '2021-08-07 09:42:50', 0, 0, ''),
(252, 'Mata Bor Nachi 7 mm', '', '', '2021-08-07 09:43:39', 0, 0, ''),
(253, 'Roda 6\" Rem + Mati', '', '', '2021-08-07 09:45:17', 0, 0, ''),
(254, 'Scotch Britch Hijau untuk Drumsander', '', '', '2021-08-09 08:35:13', 0, 0, ''),
(255, 'Amplas untuk Drumsander #60', '', '', '2021-08-09 08:35:34', 0, 0, ''),
(256, 'Amplas untuk Drumsander #80', '', '', '2021-08-09 08:35:37', 0, 0, ''),
(257, 'Pipa SS 309 dia 50 mm X 10,286 X 1,5 m', '', '', '2021-08-12 08:44:00', 0, 0, ''),
(258, 'Plat 201 2B (DOP) 4X8X8 mm', '', '', '2021-08-14 09:03:44', 0, 0, ''),
(259, 'TC 48 62 9', '', '', '2021-08-16 08:51:27', 0, 0, ''),
(260, 'HTC 35 50 8', '', '', '2021-08-16 08:53:16', 0, 0, ''),
(261, 'Siku Stainless 30 X 30 X 3 mm', '', '', '2021-08-18 08:44:26', 0, 0, ''),
(262, 'Kain Polis Jeans 5\"', '', '', '2021-08-18 08:44:38', 0, 0, ''),
(263, '25 mm X 20,5 cm X 19,5 cm = 80 kg', '', '', '2021-08-18 16:40:09', 0, 0, ''),
(264, '25 mm X 22,5 cm X 21,5 cm = 40 kg', '', '', '2021-08-18 16:40:18', 0, 0, ''),
(265, 'Besi AS ST 60 dia 50 mm X 2,5 cm', '', '', '2021-08-20 08:42:13', 0, 0, ''),
(266, 'Balok Besar', '', '', '2021-08-23 08:38:41', 0, 0, ''),
(267, 'Balok Kecil', '', '', '2021-08-23 08:38:45', 0, 0, '');

-- --------------------------------------------------------

--
-- Table structure for table `stock`
--

DROP TABLE IF EXISTS `stock`;
CREATE TABLE `stock` (
  `id` int(11) NOT NULL,
  `mid` int(11) NOT NULL,
  `perubahan` int(11) NOT NULL,
  `total` int(11) DEFAULT NULL,
  `tanggal` datetime NOT NULL,
  `ket` varchar(255) NOT NULL,
  `pembelianId` int(11) DEFAULT NULL
) ENGINE=InnoDB DEFAULT CHARSET=latin1;

--
-- Dumping data for table `stock`
--

INSERT INTO `stock` (`id`, `mid`, `perubahan`, `total`, `tanggal`, `ket`, `pembelianId`) VALUES
(67, 114, 20, 20, '2021-07-07 09:22:24', 'test', NULL),
(68, 87, 6, 6, '2021-07-14 08:49:28', '', NULL),
(69, 175, 1, 1, '2021-07-14 08:52:12', '', NULL),
(70, 123, 8, 8, '2021-07-15 11:20:30', '', NULL),
(71, 142, 7, 7, '2021-07-16 09:04:41', '', NULL),
(72, 179, 10, 10, '2021-07-16 09:07:40', '', NULL),
(73, 180, 20, 20, '2021-07-16 09:08:41', '', NULL),
(74, 181, 10, 10, '2021-07-16 09:11:23', '', NULL),
(75, 182, 20, 20, '2021-07-16 09:14:21', '', NULL),
(76, 183, 25, 25, '2021-07-16 09:16:27', '', NULL),
(77, 77, 10, 10, '2021-07-16 09:18:25', '', NULL),
(78, 123, 12, 20, '2021-07-16 09:33:06', '', NULL),
(79, 184, 20, 20, '2021-07-16 09:36:55', '', NULL),
(80, 29, 5, 5, '2021-07-16 09:39:09', '', NULL),
(81, 185, 30, 30, '2021-07-16 09:42:08', '', NULL),
(82, 31, 5, 5, '2021-07-16 09:45:38', '', NULL),
(83, 186, 5, 5, '2021-07-16 09:46:37', '', NULL),
(84, 28, 5, 5, '2021-07-16 09:47:00', '', NULL),
(85, 37, 4, 4, '2021-07-17 09:13:10', '', NULL),
(86, 26, 5, 5, '2021-07-17 09:13:44', '', NULL),
(87, 34, 300, 300, '2021-07-17 09:15:27', '', NULL),
(88, 29, 5, 10, '2021-07-17 09:16:00', '', NULL),
(89, 187, 6, 6, '2021-07-19 12:07:34', '', NULL),
(90, 52, 6, 6, '2021-07-19 12:08:25', '', NULL),
(91, 188, 1, 1, '2021-07-19 12:10:53', '', NULL),
(92, 189, 5, 5, '2021-07-19 12:11:46', '', NULL),
(93, 190, 1, 1, '2021-07-19 12:12:35', '', NULL),
(94, 191, 1, 1, '2021-07-19 12:13:21', '', NULL),
(95, 37, 3, 7, '2021-07-21 08:46:26', '', NULL),
(96, 192, 1, 1, '2021-07-21 08:51:28', '', NULL),
(97, 193, 4, 4, '2021-07-21 08:52:26', '', NULL),
(98, 194, 32, 32, '2021-07-21 08:53:59', '', NULL),
(99, 195, 1, 1, '2021-07-21 08:54:50', '', NULL),
(100, 196, 1, 1, '2021-07-21 08:55:55', '', NULL),
(101, 197, 1, 1, '2021-07-21 08:56:35', '', NULL),
(102, 198, 1, 1, '2021-07-21 08:57:06', '', NULL),
(103, 199, 1, 1, '2021-07-21 08:57:52', '', NULL),
(104, 200, 5, 5, '2021-07-21 08:58:40', '', NULL),
(105, 201, 2, 2, '2021-07-21 08:59:19', '', NULL),
(106, 202, 20, 20, '2021-07-21 08:59:55', '', NULL),
(107, 203, 30, 30, '2021-07-21 09:01:01', '', NULL),
(108, 96, 2, 2, '2021-07-21 09:01:36', '', NULL),
(109, 28, 5, 10, '2021-07-21 10:08:37', '', 100),
(110, 31, 5, 10, '2021-07-21 10:17:08', '', 101),
(111, 30, 5, 5, '2021-07-21 10:17:40', '', 102),
(112, 204, 2, 2, '2021-07-21 10:19:10', '', 103),
(113, 27, 20, 20, '2021-07-21 10:19:50', '', 104),
(142, 37, 1, 8, '2021-07-24 08:31:30', '', 122),
(143, 207, 1, 1, '2021-07-24 10:05:44', '', 123),
(144, 123, 7, 27, '2021-07-27 09:01:26', '', 124),
(145, 38, 1, 1, '2021-07-27 09:02:25', '', 125),
(146, 142, 5, 12, '2021-07-27 09:04:26', '', 126),
(147, 127, 5, 5, '2021-07-27 09:04:55', '', 127),
(148, 208, 2, 2, '2021-07-27 09:07:21', '', 128),
(149, 209, 2, 2, '2021-07-27 09:07:43', '', 129),
(150, 155, 5, 5, '2021-07-27 09:08:04', '', 130),
(151, 83, 2, 2, '2021-07-27 09:08:20', '', 131),
(152, 169, 2, 2, '2021-07-27 09:08:49', '', 132),
(153, 210, 1, 1, '2021-07-27 09:11:22', '', 133),
(154, 211, 30, 30, '2021-07-27 09:11:56', '', 134),
(155, 25, 4, 4, '2021-07-27 09:12:23', '', 135),
(156, 24, 4, 4, '2021-07-27 09:12:40', '', 136),
(157, 24, 5, 9, '2021-07-28 09:19:43', '', 137),
(158, 77, 10, 20, '2021-07-28 09:20:35', '', 138),
(159, 27, 20, 40, '2021-07-28 09:21:04', '', 139),
(160, 212, 50, 50, '2021-07-28 09:28:28', '', 140),
(161, 213, 2, 2, '2021-07-28 09:33:05', '', 141),
(162, 214, 3, 3, '2021-07-28 12:58:28', '', 142),
(163, 215, 1, 1, '2021-07-29 10:18:53', '', 143),
(164, 37, 2, 10, '2021-07-30 09:25:47', '', 144),
(165, 26, 4, 9, '2021-07-30 09:26:09', '', 145),
(166, 216, 1, 1, '2021-07-30 09:27:09', '', 146),
(167, 217, 1, 1, '2021-07-30 09:27:25', '', 147),
(168, 214, 1, 4, '2021-07-31 08:23:45', '', 148),
(169, 218, 8, 8, '2021-08-02 13:01:54', '', 149),
(170, 219, 2, 2, '2021-08-02 13:02:36', '', 150),
(171, 218, -8, 0, '2021-08-02 13:02:44', 'Edit pembelian id 149 pada Mon Aug 02 2021 13:02:44 GMT+0700 (Indochina Time)\n', 149),
(172, 218, 8, 8, '2021-08-02 13:02:44', 'Edit pembelian id 149 pada Mon Aug 02 2021 13:02:44 GMT+0700 (Indochina Time)\n', 151),
(173, 220, 5, 5, '2021-08-02 13:05:15', '', 152),
(174, 221, 1, 1, '2021-08-02 13:07:49', '', 153),
(175, 109, 4, 4, '2021-08-02 13:08:51', '', 154),
(176, 123, 4, 31, '2021-08-02 13:10:00', '', 155),
(177, 109, -4, 0, '2021-08-02 13:10:43', 'Edit pembelian id 154 pada Mon Aug 02 2021 13:10:43 GMT+0700 (Indochina Time)\n', 154),
(178, 109, -1, -1, '2021-08-02 13:10:43', 'Edit pembelian id 154 pada Mon Aug 02 2021 13:10:43 GMT+0700 (Indochina Time)\n', 156),
(179, 109, 1, 0, '2021-08-02 13:11:16', 'Edit pembelian id 154 pada Mon Aug 02 2021 13:10:43 GMT+0700 (Indochina Time)\n', 157),
(180, 28, 5, 15, '2021-08-02 13:15:46', '', 158),
(181, 186, 5, 10, '2021-08-02 13:16:13', '', 159),
(182, 31, 5, 15, '2021-08-02 13:17:53', '', 160),
(183, 147, 1, 1, '2021-08-02 13:18:36', '', 161),
(184, 222, 11, 11, '2021-08-02 13:19:16', '', 162),
(185, 59, 1, 1, '2021-08-02 13:20:21', '', 163),
(186, 218, -8, 0, '2021-08-02 13:25:17', 'Edit pembelian id 149 pada Mon Aug 02 2021 13:25:17 GMT+0700 (Indochina Time)\n', 149),
(187, 218, 8, 8, '2021-08-02 13:25:17', 'Edit pembelian id 149 pada Mon Aug 02 2021 13:25:17 GMT+0700 (Indochina Time)\n', 164),
(188, 87, 10, 16, '2021-08-04 09:50:08', '', 165),
(189, 223, 11, 11, '2021-08-04 09:51:31', '', 166),
(190, 87, -10, 6, '2021-08-04 09:51:49', 'Edit pembelian id 165 pada Wed Aug 04 2021 09:51:49 GMT+0700 (Indochina Time)\n', 165),
(191, 87, 10, 16, '2021-08-04 09:51:49', 'Edit pembelian id 165 pada Wed Aug 04 2021 09:51:49 GMT+0700 (Indochina Time)\n', 167),
(192, 224, 1, 1, '2021-08-04 09:52:37', '', 168),
(193, 225, 10, 10, '2021-08-04 09:53:41', '', 169),
(194, 230, 2, 2, '2021-08-04 09:55:08', '', 170),
(195, 231, 1, 1, '2021-08-04 09:55:27', '', 171),
(196, 72, 10, 10, '2021-08-04 10:02:51', '', 172),
(197, 71, 10, 10, '2021-08-04 10:03:09', '', 173),
(198, 232, 2, 2, '2021-08-04 10:03:39', '', 174),
(199, 148, 2, 2, '2021-08-04 10:04:05', '', 175),
(200, 147, 1, 2, '2021-08-04 10:04:27', '', 176),
(201, 31, 5, 20, '2021-08-04 10:04:51', '', 177),
(202, 186, 5, 15, '2021-08-04 10:05:09', '', 178),
(203, 233, 5, 5, '2021-08-04 10:05:34', '', 179),
(204, 165, 5, 5, '2021-08-04 10:05:57', '', 180),
(205, 164, 5, 5, '2021-08-04 10:06:17', '', 181),
(206, 163, 5, 5, '2021-08-04 10:06:38', '', 182),
(207, 162, 5, 5, '2021-08-04 10:06:52', '', 183),
(208, 99, 1, 1, '2021-08-04 10:35:39', '', 184),
(209, 114, 20, 40, '2021-08-04 10:41:18', '', 185),
(210, 234, 1, 1, '2021-08-04 10:42:04', '', 186),
(211, 235, 100, 100, '2021-08-04 10:42:29', '', 187),
(212, 236, 10, 10, '2021-08-04 10:43:22', '', 188),
(213, 237, 10, 10, '2021-08-04 10:43:40', '', 189),
(214, 238, 10, 10, '2021-08-04 10:43:56', '', 190),
(215, 239, 20, 20, '2021-08-04 10:48:56', '', 191),
(216, 240, 10, 10, '2021-08-04 10:49:10', '', 192),
(217, 29, 5, 15, '2021-08-05 09:19:27', '', 193),
(218, 241, 5, 5, '2021-08-05 09:19:58', '', 194),
(219, 242, 5, 5, '2021-08-05 09:20:46', '', 195),
(220, 243, 5, 5, '2021-08-05 09:21:38', '', 196),
(221, 244, 5, 5, '2021-08-05 09:22:10', '', 197),
(222, 245, 5, 5, '2021-08-05 09:23:55', '', 198),
(223, 246, 10, 10, '2021-08-05 09:24:29', '', 199),
(224, 49, 10, 10, '2021-08-05 09:24:52', '', 200),
(225, 247, 20, 20, '2021-08-05 09:25:21', '', 201),
(226, 52, 20, 26, '2021-08-05 09:25:53', '', 202),
(227, 248, 5, 5, '2021-08-05 09:42:24', '', 203),
(228, 42, 5, 5, '2021-08-05 09:43:20', '', 204),
(229, 138, 10, 10, '2021-08-05 09:43:39', '', 205),
(230, 52, 10, 36, '2021-08-05 09:43:58', '', 206),
(231, 49, 10, 20, '2021-08-05 09:44:15', '', 207),
(232, 41, 20, 20, '2021-08-05 09:45:40', '', 208),
(233, 249, 30, 30, '2021-08-05 09:48:13', '', 209),
(234, 52, 30, 66, '2021-08-05 09:48:50', '', 210),
(235, 249, -30, 0, '2021-08-05 09:49:00', 'Edit pembelian id 209 pada Thu Aug 05 2021 09:49:00 GMT+0700 (Indochina Time)\n', 209),
(236, 249, 30, 30, '2021-08-05 09:49:00', 'Edit pembelian id 209 pada Thu Aug 05 2021 09:49:00 GMT+0700 (Indochina Time)\n', 211),
(237, 41, -20, 0, '2021-08-05 09:49:29', 'Edit pembelian id 208 pada Thu Aug 05 2021 09:49:29 GMT+0700 (Indochina Time)\n', 208),
(238, 41, 20, 20, '2021-08-05 09:49:29', 'Edit pembelian id 208 pada Thu Aug 05 2021 09:49:29 GMT+0700 (Indochina Time)\n', 212),
(239, 37, 5, 15, '2021-08-07 09:38:31', '', 213),
(240, 250, 100, 100, '2021-08-07 09:39:22', '', 214),
(241, 35, 100, 100, '2021-08-07 09:40:34', '', 215),
(242, 159, 500, 500, '2021-08-07 09:41:33', '', 216),
(243, 251, 100, 100, '2021-08-07 09:43:17', '', 217),
(244, 252, 10, 10, '2021-08-07 09:44:00', '', 218),
(245, 182, 40, 60, '2021-08-07 09:44:21', '', 219),
(246, 99, 2, 3, '2021-08-07 09:45:02', '2 Kotak @ isi 20', 220),
(247, 253, 11, 11, '2021-08-07 09:45:36', '', 221),
(248, 115, 10, 10, '2021-08-07 09:45:57', '', 222),
(249, 113, 20, 20, '2021-08-07 09:46:14', '', 223),
(250, 254, 10, 10, '2021-08-09 08:35:59', '', 224),
(251, 255, 5, 5, '2021-08-09 08:36:28', '', 225),
(252, 256, 10, 10, '2021-08-09 08:36:46', '', 226),
(253, 254, 5, 15, '2021-08-09 08:37:02', '', 227),
(254, 257, 1, 1, '2021-08-12 08:44:48', '', 228),
(255, 72, 10, 20, '2021-08-13 08:23:27', '', 229),
(256, 71, 10, 20, '2021-08-13 08:23:48', '', 230),
(257, 147, 1, 3, '2021-08-13 08:24:09', '', 231),
(258, 76, 20, 20, '2021-08-14 09:03:33', '', 232),
(259, 258, 1, 1, '2021-08-14 09:04:03', '', 233),
(260, 242, 10, 15, '2021-08-16 08:51:03', '', 234),
(261, 259, 10, 10, '2021-08-16 08:51:41', '', 235),
(262, 244, 10, 15, '2021-08-16 08:52:05', '', 236),
(263, 244, -10, 5, '2021-08-16 08:52:53', 'Edit pembelian id 236 pada Mon Aug 16 2021 08:52:53 GMT+0700 (Indochina Time)\n', 236),
(264, 244, 1, 6, '2021-08-16 08:52:53', 'Edit pembelian id 236 pada Mon Aug 16 2021 08:52:53 GMT+0700 (Indochina Time)\n', 237),
(265, 244, -1, 5, '2021-08-16 08:53:02', '', 238),
(266, 260, 10, 10, '2021-08-16 08:53:29', '', 239),
(267, 260, 10, 20, '2021-08-16 08:53:44', '', 240),
(268, 67, 2, 2, '2021-08-18 08:44:08', '', 241),
(269, 261, 5, 5, '2021-08-18 08:45:07', '', 242),
(270, 262, 10, 10, '2021-08-18 08:45:22', '', 243),
(271, 261, 10, 15, '2021-08-18 09:36:34', '', 244),
(272, 263, 1, 1, '2021-08-18 16:41:19', '', 245),
(273, 264, 1, 1, '2021-08-18 16:41:31', '', 246),
(274, 37, 3, 18, '2021-08-18 16:41:54', '', 247),
(275, 25, 16, 20, '2021-08-18 16:42:16', '', 248),
(276, 24, 12, 21, '2021-08-18 16:42:41', '', 249),
(277, 25, 10, 30, '2021-08-18 16:43:02', '', 250),
(278, 24, 10, 31, '2021-08-18 16:43:20', '', 251),
(279, 32, 10, 10, '2021-08-20 08:41:43', '', 252),
(280, 232, 4, 6, '2021-08-20 08:42:03', '', 253),
(281, 265, 14, 14, '2021-08-20 08:42:35', '', 254),
(282, 267, 2, 2, '2021-08-23 08:39:09', '', 255),
(283, 266, 4, 4, '2021-08-23 08:39:27', '', 256),
(284, 25, 1, 31, '2021-08-23 08:39:47', '', 257),
(285, 24, 1, 32, '2021-08-23 08:40:03', '', 258),
(286, 147, 5, 8, '2021-08-23 08:40:33', '', 259),
(287, 232, 5, 11, '2021-08-23 08:41:28', '', 260);

-- --------------------------------------------------------

--
-- Table structure for table `toko`
--

DROP TABLE IF EXISTS `toko`;
CREATE TABLE `toko` (
  `id` int(15) NOT NULL,
  `nama` varchar(255) NOT NULL,
  `contact` varchar(55) NOT NULL,
  `telpon` varchar(55) NOT NULL,
  `alamat` varchar(255) NOT NULL,
  `tanggal` datetime NOT NULL,
  `ket` varchar(255) NOT NULL
) ENGINE=InnoDB DEFAULT CHARSET=utf8mb4;

--
-- Dumping data for table `toko`
--

INSERT INTO `toko` (`id`, `nama`, `contact`, `telpon`, `alamat`, `tanggal`, `ket`) VALUES
(13, 'UD - 555', 'Koko Martin', '81277755737', 'Jl Riau Ujung Toko Depan RPT', '2021-06-29 15:06:30', ''),
(14, 'METRO STEEL', 'Yola', '08227622788 / 081268490062', 'Air Hitam Pekanbaru', '2021-07-07 11:50:31', ''),
(15, 'KARYA RIAU / KARYA EDY', 'Koko Edy Siswanto', '085272608922', 'Jl Riau Ujung Sebelah Kiri', '2021-06-29 15:07:59', ''),
(16, 'Sama Jaya', 'Mba Ika', '081310189149', 'Lindeteves Trade Centre GF-2 Blok B 15 No 1 & 9 Hayam Wuruk Jakarta', '2021-06-29 15:08:42', ''),
(17, 'ANEKA SUMBER BAUT', 'Koko Acai', '08127642569 / 082384628204', 'Jl Harapan Raya No 242', '2021-07-07 11:50:19', ''),
(18, 'Sinar Bintang no 301', '', '085355532800', 'Jl Harapan Raya No 301 D', '2021-08-02 13:00:38', ''),
(19, 'CENTRAL BEARING', 'Nafri', '085363599917', 'Jl Riau Simpang Jl Teratai', '2021-06-29 15:09:28', ''),
(20, 'YANMAR SETIA BUDI', 'Koko Sunardi', '08127554283', 'Jl Riau Ujung', '2021-06-29 15:09:42', ''),
(21, 'RIAU MANDIRI', '', '085363599917', 'Jl Teratai Pekanbaru', '2021-06-29 15:10:33', ''),
(22, 'Rumbai Steel', '', '082125553099/082125553199', '', '2021-07-28 09:22:28', ''),
(23, 'CHROME', '', '', '', '2021-06-29 15:11:00', ''),
(24, 'RPT', '', '', '', '2021-06-29 15:11:23', ''),
(25, 'KARYA MANGGALA SEJAHTERA', '', '', '', '2021-06-29 15:11:29', ''),
(26, 'IP', '', '', '', '2021-06-29 15:11:44', ''),
(27, 'Pancuran Karya', '', '', '', '2021-06-29 15:11:47', ''),
(28, 'RUMBAI SARANA', '', '', '', '2021-06-29 15:11:56', ''),
(29, 'Tokopedia', '', '', '', '2021-06-29 15:11:59', ''),
(30, 'Warna Jaya', '', '', '', '2021-06-29 15:12:02', ''),
(31, 'HARAPAN KARYA', '', '', '', '2021-06-29 15:12:11', ''),
(32, 'KGS Digital Printing', '', '081261802255', '', '2021-07-30 09:26:29', ''),
(33, 'YSA Weldindo Teknik', '', '', '', '2021-06-29 15:12:23', ''),
(34, 'DISPERINDAG PEKANBARU UPT LOGAM', '', '', '', '2021-06-29 15:12:40', ''),
(35, 'MTR / METROPOLITAN', '', '', '', '2021-07-07 09:30:20', ''),
(36, 'KARYA ABADI', '', '', '', '2021-06-29 15:13:06', ''),
(37, 'HORAS /DPN IBIS', '', '082385882001', 'Jl Soekarno Hatta no. 55, Pekanbaru', '2021-08-18 16:40:49', ''),
(40, 'test', '', '', '', '2021-07-14 14:12:15', ''),
(43, 'SUKSES JAYA SAMUDRA', '', '', 'Jl Pasir Putih No 17A - Pandau - Pekanbaru', '2021-07-21 08:53:25', ''),
(44, 'Reza Photocopy', '', '', 'Jl Sekolah no 77 Rumbai', '2021-07-21 10:18:46', ''),
(45, 'Aneka Niaga', '', '', '', '2021-07-24 10:05:22', ''),
(46, 'DWI GASES', '', '081365060904/082389355111', 'Jl Cendana III no 139 Marpoyan', '2021-07-28 12:58:09', ''),
(47, 'ABDI BAROKAH', '', '076119406/08127518985', 'Jl Perdagangan No. 236', '2021-07-28 13:01:43', ''),
(48, 'Sinar Bintang no 521', '', '085355533500', 'Jl Harapan Raya no.521 D, Pekanbaru', '2021-08-02 13:00:51', ''),
(49, 'Yontomo Sukses Abadi', '', '07616706328/082386311833', 'Pekanbaru', '2021-08-04 09:53:17', ''),
(50, 'Bina Grafindo', '', '', '', '2021-08-04 09:54:26', ''),
(51, 'Supermarket Logam', '', '087800090018/081212854323', 'Jakarta', '2021-08-12 08:44:27', '');

--
-- Indexes for dumped tables
--

--
-- Indexes for table `harga`
--
ALTER TABLE `harga`
  ADD PRIMARY KEY (`id`);

--
-- Indexes for table `iip`
--
ALTER TABLE `iip`
  ADD PRIMARY KEY (`id`);

--
-- Indexes for table `ilogin`
--
ALTER TABLE `ilogin`
  ADD PRIMARY KEY (`id`);

--
-- Indexes for table `material`
--
ALTER TABLE `material`
  ADD PRIMARY KEY (`mid`);

--
-- Indexes for table `stock`
--
ALTER TABLE `stock`
  ADD PRIMARY KEY (`id`);

--
-- Indexes for table `toko`
--
ALTER TABLE `toko`
  ADD PRIMARY KEY (`id`);

--
-- AUTO_INCREMENT for dumped tables
--

--
-- AUTO_INCREMENT for table `harga`
--
ALTER TABLE `harga`
  MODIFY `id` int(11) NOT NULL AUTO_INCREMENT, AUTO_INCREMENT=261;

--
-- AUTO_INCREMENT for table `iip`
--
ALTER TABLE `iip`
  MODIFY `id` int(11) NOT NULL AUTO_INCREMENT, AUTO_INCREMENT=264;

--
-- AUTO_INCREMENT for table `ilogin`
--
ALTER TABLE `ilogin`
  MODIFY `id` int(11) NOT NULL AUTO_INCREMENT, AUTO_INCREMENT=4;

--
-- AUTO_INCREMENT for table `material`
--
ALTER TABLE `material`
  MODIFY `mid` int(15) NOT NULL AUTO_INCREMENT, AUTO_INCREMENT=268;

--
-- AUTO_INCREMENT for table `stock`
--
ALTER TABLE `stock`
  MODIFY `id` int(11) NOT NULL AUTO_INCREMENT, AUTO_INCREMENT=288;

--
-- AUTO_INCREMENT for table `toko`
--
ALTER TABLE `toko`
  MODIFY `id` int(15) NOT NULL AUTO_INCREMENT, AUTO_INCREMENT=52;
COMMIT;

/*!40101 SET CHARACTER_SET_CLIENT=@OLD_CHARACTER_SET_CLIENT */;
/*!40101 SET CHARACTER_SET_RESULTS=@OLD_CHARACTER_SET_RESULTS */;
/*!40101 SET COLLATION_CONNECTION=@OLD_COLLATION_CONNECTION */;
